Category,Name,Location ,Justification,MLA Decision,Email Address,Best Contact,Notes
ACCELERATORS & INCUBATORS,SparkLabs Cultiv8,Australia,Leading agri-food tech accelerator partnering with MLA. Relevant to all challenges.,Yes,jonathon@sparklabscultiv8.com,Jonathon Quigley - Co-Founder & Partner (jonathon@sparklabscultiv8.com) OR Contact Form: https://www.sparklabscultiv8.com/contact-us,
ACCELERATORS & INCUBATORS,Rocket Seeder,Australia,Supports food/ag startups focused on sustainability. Portfolio includes sustainable packaging companies.,,,emma@rocketseeder.com,Emma Coath - Managing Director (LinkedIn: linkedin.com/in/emmacoath/) Email format: firstname@rocketseeder.com,
ACCELERATORS & INCUBATORS,Startupbootcamp FoodTech Tasmania,Australia,MLA partner. Seeking shelf-life technologies sustainable packaging food waste solutions.,,,info@startupbootcamp.org,Anna Barlow - Food Innovation Partner (Contact: https://www.startupbootcamp.org/accelerator/foodtech-tasmania),
ACCELERATORS & INCUBATORS,SproutX,Australia,Australia's leading agtech/foodtech hub. Portfolio includes plant protein and sustainable packaging.,,,info@sproutx.com.au,General Inquiries (info@sproutx.com.au),
ACCELERATORS & INCUBATORS,THRIVE APAC Accelerator,Australia,12-week program for Seed to Series A agrifood tech. Focus on sustainability and supply chain innovation.,,,info@svgpartners.com,General Inquiries (info@svgpartners.com),
ACCELERATORS & INCUBATORS,EnergyLab - Climate Solutions Accelerator,Australia,Australia's largest climate tech accelerator. Focus on sustainable materials alternative proteins packaging.,,,programs@energylab.org.au,Megan Fisher - CEO & Director (programs@energylab.org.au),
ACCELERATORS & INCUBATORS,Jumar Bioincubator,Australia,First biotech incubator co-located with CSL. Supports nutraceuticals functional foods biotech applications in food.,,,info@jumarbio.com,Contact Form: https://www.jumarbio.com/connect,
ACCELERATORS & INCUBATORS,CUREator (Brandon BioCatalyst),Australia,Australia's national biotech incubator. $40M MRFF funding for pre-clinical innovations.,,,info@cureator.com.au,General Inquiries (info@cureator.com.au),
ACCELERATORS & INCUBATORS,LaunchVic,Australia,Victoria's lead startup agency. Hugh Victor McKay Fund provides up to $200k co-investment for AgTech.,,,hello@launchvic.org, grants@launchvic.org,Kate Cornick - CEO (LinkedIn: linkedin.com/in/kate-cornick-62aab92b) Contact: hello@launchvic.org OR grants@launchvic.org,
ACCELERATORS & INCUBATORS,AgTech and Logistics Hub,Australia,Premier agribusiness innovation hub. 6500+ contacts 1000+ SMEs. Focus on supply chain optimization.,,,Owen.Williams@agtechlogisticshub.com.au,Owen Williams - Hub Manager (Owen.Williams@agtechlogisticshub.com.au),
ACCELERATORS & INCUBATORS,Farmers2Founders,Australia,LaunchVic funded. GROW 12-week pre-accelerator for Victorian AgTech.,,,Admin@farmers2founders.com,Dr Christine Pitt - Founder & Managing Director (LinkedIn: searchable) Contact: Admin@farmers2founders.com,
ACCELERATORS & INCUBATORS,HARVEST AgTech Accelerator (AgriStart),Australia,WA's AgTech accelerator for scaling startups. Farmer partnerships for trials. Now part of Innovation Cluster.,,,info@agristart.com.au,General Inquiries (info@agristart.com.au) - Note: Redirects to Innovation Cluster website,
ACCELERATORS & INCUBATORS,Proto Axiom,Australia,Patient capital with hands-on incubation. Early-stage biotech with applications in functional foods.,,,info@protoaxiom.com,General Inquiries (info@protoaxiom.com),
ACCELERATORS & INCUBATORS,NSW Government - Tech Central / MVP Ventures,Australia,NSW innovation hub supporting food tech clean tech. MVP Ventures provides funding.,,,contact@investment.nsw.gov.au,Investment NSW Contact: Phone 02 9000 1365 OR Contact Form: www.investment.nsw.gov.au/contact-us/,
ACCELERATORS & INCUBATORS,Breakthrough Victoria,Australia,Victorian Government innovation fund. Key investor in Jumar Bioincubator ($25M).,,,contact@breakthroughvictoria.com,General Inquiries (contact@breakthroughvictoria.com),
ACCELERATORS & INCUBATORS,Cicada Innovations,Australia,23-year track record supporting deep tech. Operates Jumar Bioincubator. Portfolio raised $1.8B+.,,,info@cicadainnovations.com,General Inquiries (info@cicadainnovations.com),
ACCELERATORS & INCUBATORS,Stone & Chalk - AgTech Program,Australia,Leading innovation hub with dedicated agtech program. Locations in Sydney Melbourne Adelaide.,,,jacqui@stoneandchalk.com.au, bc@stoneandchalk.com.au, graham.mccorkill@stoneandchalk.com.au,Jacqui Duncan - GM NSW (jacqui@stoneandchalk.com.au) OR Ben Colley - GM SA (bc@stoneandchalk.com.au) OR Graham McCorkill - Startup Success Manager VIC (graham.mccorkill@stoneandchalk.com.au),
ACCELERATORS & INCUBATORS,The Waite Campus (University of Adelaide),Australia,Largest agrifood hub in Southern Hemisphere. ThincLab startup community.,,,zrinka.tokic@adelaide.edu.au, thinclab@adelaide.edu.au,Zrinka Tokic - ThincLab Director (zrinka.tokic@adelaide.edu.au) OR General: thinclab@adelaide.edu.au,
ACCELERATORS & INCUBATORS,National Reconstruction Fund Corporation (NRFC),Australia,Federal fund providing debt equity guarantees to agriculture food processing advanced manufacturing.,,,foi@nrf.gov.au, NRF.Policy@industry.gov.au,Contact Form: www.nrf.gov.au/contact-us OR FOI: foi@nrf.gov.au OR Policy: NRF.Policy@industry.gov.au,
ACCELERATORS & INCUBATORS,AgriFutures GrowAg,Australia,Government-backed platform connecting agtech innovators researchers investors. 80000+ users.,,,connect@growag.com,David Lord or Rebecca Bradford (connect@growag.com) Phone: +61 2 6923 6936 / 6957,
ACCELERATORS & INCUBATORS,Food Innovation Precinct Western Australia (FIPWA),Australia,State-of-the-art food manufacturing and R&D facility. Focus on extended shelf life technologies.,,,info@fipwa.com.au,General Inquiries (info@fipwa.com.au),
UNIVERSITIES,Victoria University - Sustainable Packaging Research Group,Australia,Leading research in bio-packaging materials from agricultural wastes. Directly addresses Challenge A.,,,vincent.rouillard@vu.edu.au, marlene.cran@vu.edu.au, isilc@vu.edu.au,Professor Vincent Rouillard - Leader (vincent.rouillard@vu.edu.au) OR Dr Marlene Cran - Deputy Leader (marlene.cran@vu.edu.au) OR General: isilc@vu.edu.au,
UNIVERSITIES,RMIT University - Food Research and Innovation Centre,Australia,Multimillion-dollar facility for food processing product development nutrition packaging design.,,,harsharn.gill@rmit.edu.au,Professor Harsharn Gill - Food and Health Biosciences (harsharn.gill@rmit.edu.au) Phone: +61 3 9925 2600,
UNIVERSITIES,Monash University - Food Innovation Centre,Australia,World-class R&D for food science dairy processing biotechnology. Partnership with FIAL.,,,contact@foodinnovationcentre.com.au,General Inquiries (contact@foodinnovationcentre.com.au) Phone: +61 477 371 949,
UNIVERSITIES,Monash University - Commercialisation Office,Australia,Manages IP protection licensing commercialization of food science materials science biotechnology research.,,,Innovation@monash.edu,Monash Innovation (Innovation@monash.edu),
UNIVERSITIES,University of Melbourne - Food & Packaging Innovation Program,Australia,World's only dedicated Food & Packaging Innovation Master's program. Direct relevance to Challenge A and C.,,,samantha.fossey@unimelb.edu.au,Samantha Fossey (samantha.fossey@unimelb.edu.au) Phone: +61 3 9035 5511,
UNIVERSITIES,University of Melbourne - Commercialisation Office,Australia,Manages IP and commercialization for food science and materials innovations.,,,k.jefferd@unimelb.edu.au,Ken Jefferd - Executive Director Research Innovation & Commercialisation (k.jefferd@unimelb.edu.au) OR Contact: https://research.unimelb.edu.au/commercialisation/contact,
UNIVERSITIES,Deakin University - CASS Food Research Centre,Australia,Consumer Analytical Safety Sensory Food Research Centre. Specializes in food innovation sensory analysis.,,,cass@deakin.edu.au, pauline.braniff@deakin.edu.au,General Inquiries (cass@deakin.edu.au) OR Pauline Braniff (pauline.braniff@deakin.edu.au),
UNIVERSITIES,Deakin University - BioFactory,Australia,Transforms biomass and biosolid waste into biomaterials. Direct relevance to Challenge A.,,,colin.barrow@deakin.edu.au,Professor Colin Barrow - Lead Researcher (colin.barrow@deakin.edu.au),
UNIVERSITIES,La Trobe University - LISAF,Australia,Paddock to gut' approach integrating agriculture food innovation nutrition health.,,,c.pakes@latrobe.edu.au,Professor Chris Pakes - Deputy VC Research (c.pakes@latrobe.edu.au) Phone: 1300 LA TROBE (1300 528 762),
UNIVERSITIES,La Trobe University - Bio Innovation Hub,Australia,Purpose-built facility for biotechnology commercialization. Laboratory facilities for early-stage biotech.,,,industry.engagement@latrobe.edu.au,Megan Fisher - Pro VC Industry Engagement OR Sid Jain - Director Precinct Development (industry.engagement@latrobe.edu.au) Phone: +61 9479 2070 / +61 408 764 036,
UNIVERSITIES,UNSW Sydney - Food Science & Technology Programs,Australia,Only Australian program recognized by US Institute of Food Technologists. Comprehensive food science expertise.,,,contact@unsw.edu.au,Contact Form: www.unsw.edu.au/science/about-us/contact-us (School of Chemical Engineering),
UNIVERSITIES,UNSW Sydney - Knowledge Exchange & Commercialisation,Australia,Manages research commercialization IP protection industry partnerships.,,,knowledgeexchange@unsw.edu.au,General Inquiries (knowledgeexchange@unsw.edu.au),
UNIVERSITIES,UNSW Founders Program,Australia,Comprehensive entrepreneurship program for commercializing university research and startups.,,,unsw.founders@unsw.edu.au, founders.foundations@unsw.edu.au,General Inquiries (unsw.founders@unsw.edu.au) OR Foundations Program (founders.foundations@unsw.edu.au),
UNIVERSITIES,University of Sydney - Commercialisation Office,Australia,Manages IP and commercialization for food science materials science innovations.,,,commercialisation@sydney.edu.au,General Inquiries (commercialisation@sydney.edu.au),
UNIVERSITIES,University of Sydney - Centre for Advanced Materials Technology,Australia,Expertise in materials characterisation polymer-based materials biomaterials. Direct relevance to Challenge A.,,,amme.ea@sydney.edu.au, engineering.external@sydney.edu.au,School of AMME (amme.ea@sydney.edu.au) OR Industry: engineering.external@sydney.edu.au Phone: +61 2 9351 2341,
UNIVERSITIES,University of Newcastle - Food Science Research Group,Australia,Combines food plant science nutrition agribusiness research. Industry-focused.,,,chris.grof@newcastle.edu.au, Science-IT-SELS@newcastle.edu.au,Professor Chris Grof (chris.grof@newcastle.edu.au) Phone: +61 2 4921 5858 OR General: Science-IT-SELS@newcastle.edu.au,
UNIVERSITIES,University of Wollongong - Australian Institute for Innovative Materials (AIIM),Australia,World-leading multi-functional materials research including bio-based materials polymer research.,,,contact@uow.edu.au,General Inquiries - Phone: +61 2 4221 3271 OR Visit: www.uow.edu.au/research-and-innovation/our-research/research-institutes-and-facilities/australian-institute-for-innovative-materials/contact-us/,
UNIVERSITIES,University of Wollongong - Innovation & Commercial Research Office,Australia,Manages commercialization of materials science and engineering research.,,,george_tomka@uow.edu.au, research-services@uow.edu.au,George Tomka - Senior Manager (george_tomka@uow.edu.au) OR General: research-services@uow.edu.au Phone: +61 2 4221 8145,
UNIVERSITIES,University of Adelaide - Food Science & Innovation,Australia,Research in functional food development food processing technologies sustainable food sources.,,,andrew.lowe@adelaide.edu.au, foodlab@adelaide.edu.au,Professor Andrew Lowe - Director Food Innovation (andrew.lowe@adelaide.edu.au) OR General: foodlab@adelaide.edu.au,
UNIVERSITIES,University of Adelaide - Innovation & Commercialisation Services,Australia,Handles IP protection commercialization advice for food science and agricultural innovations.,,,commercialisation@adelaide.edu.au, businessdevelopment@adelaide.edu.au,Commercialisation Team (commercialisation@adelaide.edu.au) OR Business Development (businessdevelopment@adelaide.edu.au) Phone: +61 8 8313 4403,
UNIVERSITIES,University of Adelaide - Food Product Development Group,Australia,Provides ingredient development product development sensory testing shelf-life testing.,,,afw@adelaide.edu.au, foodlab@adelaide.edu.au,School of Agriculture Food & Wine (afw@adelaide.edu.au) OR Food Innovation Lab (foodlab@adelaide.edu.au) Phone: +61 8 8313 2699,
UNIVERSITIES,Curtin University - Food Science and Technology Programs,Australia,Master of Science (Food Science and Technology) biotechnology programs. Research in food security.,,,enquiries@curtin.edu.au,General Inquiries - Phone: 1300 222 888 OR Contact Form on website,
UNIVERSITIES,Australian National University (ANU) - Office of Business Engagement & Commercialisation,Australia,Manages commercialization of research including biotechnology food science materials science.,,,innovation@anu.edu.au,Innovation Team (innovation@anu.edu.au),
UNIVERSITIES,ANU - Materials Science Program,Australia,Master of Science in Materials Science focusing on biodegradable plastics biocompatible materials.,,,science.enquiries@anu.edu.au,College of Science Student Admin (science.enquiries@anu.edu.au),
UNIVERSITIES,ANU - Biotechnology Programs,Australia,Biotechnology programs focused on food security agriculture food production innovations.,,,science.enquiries@anu.edu.au, innovation@anu.edu.au,College of Science Student Admin (science.enquiries@anu.edu.au) OR General ANU Research: innovation@anu.edu.au,
UNIVERSITIES,University of Tasmania - Tasmanian Institute of Agriculture (TIA),Australia,Focus on food safety and innovation agricultural productivity food product development. 15+ research sites.,,,tia.enquiries@utas.edu.au,General Inquiries (tia.enquiries@utas.edu.au) Phone: +61 3 6226 2463,
UNIVERSITIES,University of Tasmania - Centre for Food Innovation (CFI),Australia,Partnership between UTAS and Defence Science and Technology. Focus on shelf-stable foods specialized nutrition.,,,John.Bowman@utas.edu.au,Professor John Bowman - Centre Leader (John.Bowman@utas.edu.au) Phone: +61 3 6226 6380,
UNIVERSITIES,Queensland Alliance for Agriculture and Food Innovation (QAAFI),Australia,UQ research institute with expertise in food science animal science nutrition. 15 research sites across Queensland.,,,qaafi@uq.edu.au, qaaficomms@uq.edu.au,General Inquiries (qaafi@uq.edu.au) Phone: +61 7 3346 0550 OR Business Development: Oliver Frith +61 439 771 373 OR Media: Natalie MacGregor (qaaficomms@uq.edu.au) +61 409 135 651,
INDUSTRY ASSOCIATIONS,Australian Meat Industry Council (AMIC),Australia,Represents 1500+ post-farmgate meat processors retailers smallgoods manufacturers.,,,info@amic.org.au, media@amic.org.au,General Inquiries (info@amic.org.au) OR Media: Jemma Harper (media@amic.org.au) Phone: 02 9086 2200,
INDUSTRY ASSOCIATIONS,Australian Meat Processor Corporation (AMPC),Australia,Specializes in innovation and R&D for red meat processing. Running innovation challenges.,,,admin@ampc.com.au, communications@ampc.com.au,General Inquiries (admin@ampc.com.au) OR Communications (communications@ampc.com.au),
INDUSTRY ASSOCIATIONS,Food Innovation Australia Limited (FIAL),Australia,Not-for-profit focused on growing Australian food globally. Innovation support R&D connections.,,,Rod.adenas@fial.com.au,Rod Adenas (Rod.adenas@fial.com.au) OR Contact via website: www.fial.com.au,
INDUSTRY ASSOCIATIONS,Australian Packaging Covenant Organisation (APCO),Australia,Leading circular economy development for packaging. 2300+ member organizations.,,,apco@apco.org.au,General Inquiries (apco@apco.org.au),
INDUSTRY ASSOCIATIONS,Australian Institute of Packaging (AIP),Australia,Peak professional body for packaging training. Runs packaging innovation forums.,,,info@aipack.com.au,General Inquiries (info@aipack.com.au) Phone: 07 3278 4490,
INDUSTRY ASSOCIATIONS,Circular Australia,Australia,Leading Australia's transition to circular economy by 2035. Industry taskforces on packaging materials.,,,contact@circularaustralia.com.au,Contact Form: https://circularaustralia.com.au/contact-us/,
INDUSTRY ASSOCIATIONS,Australian Institute of Food Science and Technology (AIFST),Australia,Peak professional body for food industry. 2000+ members across industry academia government.,,,aifst@aifst.com.au,General Inquiries (aifst@aifst.com.au) Phone: +61 447 066 324,
INDUSTRY ASSOCIATIONS,AusBiotech,Australia,Peak biotechnology industry body. 3000+ members. Hosts AusAg & Foodtech Summit.,,,admin@ausbiotech.org, membership@ausbiotech.org, eboscheinen@ausbiotech.org,General Contact (admin@ausbiotech.org) OR Membership (membership@ausbiotech.org) OR Media: Emma Boscheinen (eboscheinen@ausbiotech.org),
INDUSTRY ASSOCIATIONS,Materials Australia,Australia,Peak body for Australian materials scientists and engineers. National organization with state branches.,,,imea@materialsaustralia.com.au,General Inquiries (imea@materialsaustralia.com.au) Phone: +61 3 9326 7266,
INDUSTRY ASSOCIATIONS,Australian Materials Research Society (AMRS),Australia,Umbrella body connecting materials science researchers across Australia.,,,Jim.Williams@anu.edu.au, ia@science.org.au,Professor Jim Williams - President (Jim.Williams@anu.edu.au) OR General: Meaghan Dzundza (ia@science.org.au),
INDUSTRY ASSOCIATIONS,Cellular Agriculture Australia (CAA),Australia,Peak body for food biotechnology and biomanufacturing. Published white paper with ANU.,,,regulation@cellagaustralia.org,Regulatory Inquiries (regulation@cellagaustralia) OR Website: www.cellularagricultureaustralia.org,
INDUSTRY ASSOCIATIONS,Food Innovation Partners,Australia,Connects food companies with research investors government. 35+ years food industry experience.,,,russel@food-innovation.com.au,Russel (russel@food-innovation.com.au) Phone: 0411 178 227,
INDUSTRY ASSOCIATIONS,Australian Circular Economy Hub (Planet Ark),Australia,Federal Government-supported hub facilitating knowledge sharing for circular economy transition.,,,kristie@planetark.org,Kristie (kristie@planetark.org) for corporate partnerships,
INDUSTRY ASSOCIATIONS,SIFT Centre (Sustainable Innovative Food Technologies),Australia,State-of-the-art WA facility. HPP and novel processing technologies.,,,info@sift.au,Contact Form: https://sift.au/contact/ (operated by Future Food Systems CRC + Murdoch University),
INDUSTRY ASSOCIATIONS,Wholesale Food Group,Australia,27+ years experience in food product development contract manufacturing R&D.,,,sales@wholesalefoodgroup.com.au,Sales Team (sales@wholesalefoodgroup.com.au) Phone: (07) 5594 0444,
INDUSTRY ASSOCIATIONS,Australian Food Innovation Network (AFIN),Australia,National community bringing together industry universities researchers. Shelf Stable Food Program.,,,ingrid.appelqvist@csiro.au,Dr Ingrid Appelqvist - Research Group Leader (ingrid.appelqvist@csiro.au) OR Website: research.csiro.au/food-innovation/afin/,
ACCELERATORS & INCUBATORS,Plug and Play Food & Beverage,USA (Silicon Valley),"Stage-agnostic 12-week food innovation platform connecting startups with 500+ corporate partners. Focus areas include personalized nutrition, functional foods, protein alternatives, packaging innovation, and waste reduction. Directly relevant to all three challenges.",,,investment@plugandplaytechcenter.com,General Inquiries (investment@plugandplaytechcenter.com) Phone: (408) 524-1400,Global presence with 50+ locations. Corporate partners include Tetra Pak and DuPont Nutrition & Biosciences.
ACCELERATORS & INCUBATORS,IndieBio (SOSV),USA (San Francisco & New York),"World's #1 early-stage biotech accelerator supporting food biotechnology, agriculture innovation, and alternative proteins. Portfolio includes cultivated protein, functional foods, and novel processing technologies. Relevant to Challenges B and C.",,,contact@indiebio.co,Contact Form: https://indiebio.co/contact/,"Part of SOSV ecosystem. Notable portfolio: NotCo, Upside Foods, Perfect Day. Principal & Program Director: Westley Dang (LinkedIn searchable)"
ACCELERATORS & INCUBATORS,Techstars Farm to Fork,USA (Twin Cities),"Partnership with Ecolab accelerating digital innovation across food and ag supply chain. Focus on sustainability, food safety, and supply chain optimization. Relevant to shelf-life technologies and packaging (Challenge A and B).",,,brett@breadandbutterventures.com,Brett Brohl - Managing Director (LinkedIn: linkedin.com/in/brettbrohl),12-week program selecting 10-12 startups annually. Also founder of The Syndicate Fund.
ACCELERATORS & INCUBATORS,Big Idea Ventures,USA/Singapore/Paris,"Leading alternative protein investor. New Protein Fund invests $200K ($125K cash + $75K in-kind) in alternative protein and ingredients companies. Focus on functional foods, novel proteins, and food innovation. Directly relevant to Challenge C.",,,shruti.salkar@bigideadventures.com, andrew.ive@gmail.com,Andrew D. Ive - Founder & Managing General Partner (LinkedIn searchable) OR Media: shruti.salkar@bigideadventures.com,Twice-yearly cohorts. Backed by Bühler & Tyson. Three global locations.
ACCELERATORS & INCUBATORS,Yield Lab Institute,USA (St. Louis),"Non-profit dedicated to agrifood systems innovation. Launched H.A.R.V.E.S.T. AgTech platform in 2025 with 12 U.S. regional ecosystems + international reach (Argentina, Brazil, Israel, UK). Focus on food preservation, supply chain, packaging.",,,kyle@theyieldlab.com,Stephanie Regagnon - Executive Director (LinkedIn: linkedin.com/in/stephregagnon) OR kyle@theyieldlab.com,"Contact: 1100 Corporate Square Drive, Suite 212, St. Louis, MO 63132. www.harvestagtech.org"
ACCELERATORS & INCUBATORS,Radicle Growth,USA (San Diego) with Canada partnerships,"AgTech/FoodTech venture capital and accelerator. Nutrien-Radicle Challenge Canada supports Canadian innovation. Focus on supply chain optimization, food waste reduction, and sustainable agriculture technologies.",,,khaney@radicle.vc, ddougan@radicle.vc,Kirk Haney - Managing Partner (khaney@radicle.vc) OR Danielle Dougan (ddougan@radicle.vc) Phone: 978-430-9680,Partnerships with AVAC and Verdex Capital in Canada. $1.25M investment program for growth and seed-stage companies.
ACCELERATORS & INCUBATORS,Creative Destruction Lab (CDL) - AgriFood,Canada (Toronto/Calgary/Vancouver),"Canada's premier seed-stage accelerator with dedicated AgriFood stream. Connects startups with mentors, investors, and corporate partners across the ag value chain. Focus on scalable solutions from farm to consumer.",,,dora.tamas@creativedestructionlab.com, heather.marshall@creativedestructionlab.com,Dora Tamas - AgriFood Stream Manager (dora.tamas@creativedestructionlab.com) OR CDL-Rockies: heather.marshall@creativedestructionlab.com,Multiple Canadian locations. 9-month program. Relevant to packaging innovation and food preservation technologies.
ACCELERATORS & INCUBATORS,MaRS Discovery District - Food & AgTech Mission,Canada (Toronto),"Major Toronto innovation hub with new FoodTech venture accelerator (2025). Supports 10 Canadian startups in supply chain innovation, emissions reduction, waste reduction, and efficiency. FCC partnership brings industry leaders together.",,,partnerships@marsdd.com,Tyler Hamilton - Senior Director Climate (LinkedIn searchable) OR MaRS Partnerships team through www.marsdd.com/accelerators/,"Address: 101 College Street, Suite 100, Toronto, ON M5G 1L7. Coalition includes Wittington Ventures, S2G Investments, TELUS Agriculture."
ACCELERATORS & INCUBATORS,SKU Accelerator,USA (Austin),"Leading 12-week CPG accelerator for market-validated brands across food, beverage, pet care, and health & wellness. Focus on scaling innovative products with mentorship and retailer connections. Relevant to Challenge C (wellness products).",,,buff.greebe@sku.is,Buff Greebe - Executive Director ([email protected]) OR www.sku.is,Headquartered in Austin. Focus on women and BIPOC-owned businesses. Strong retail network for go-to-market strategy.
ACCELERATORS & INCUBATORS,Alchemist Accelerator,USA (San Francisco/Memphis),"Enterprise-focused accelerator with food tech and healthcare verticals. Memphis East Coast hub adjacent to logistics, supply chain, and healthcare leaders. Supports food preservation technology and B2B food innovation.",,,rachel@alchemistaccelerator.com,Rachel Chalmers - President & Managing Director (LinkedIn searchable) Phone: (415) 527-0158,www.alchemistaccelerator.com. 6-month program. Enterprise monetization focus relevant to B2B food technology.
INDUSTRY ASSOCIATIONS,Good Food Institute,USA (Washington DC),"Leading non-profit accelerating alternative protein innovation. Strategic support for startups, established companies, and meat producers. Focus on cultivated meat, plant-based proteins, and fermentation. Directly relevant to Challenge C.",,,philanthropy@gfi.org,Contact Form: gfi.org/contact OR Philanthropy team: philanthropy@gfi.org Phone: 202-596-2262,"Global presence with offices in USA, India, Europe, Brazil, and Asia-Pacific. Email format: [first].[last]@gfi.org"
COMPANIES,Anterra Capital,Netherlands (Amsterdam) & USA (Boston),"AgTech investment firm with $260M Fund II investing in biotech and digital solutions across agrifoodtech value chain. Focus on ag fintech, crop science, animal health, sustainable packaging, and functional foods.",,,info@anterracapital.com,Adam Anders - Managing Partner (LinkedIn searchable) OR Team page: anterracapital.com/team/,18-person team including 4 partners. Invests in innovations addressing agricultural productivity and sustainability.
COMPANIES,Forward Fooding,UK (London) with offices in Barcelona & Rome,World's first collaborative platform for F&B industry fostering innovation via FoodTech Data Intelligence. Publishes FoodTech 500 ranking. Bespoke scouting services connect corporations with relevant startups for partnerships and acquisitions.,,,info@forwardfooding.com,Alessio D'Antino - Founder (LinkedIn searchable) OR General: info@forwardfooding.com,"Offices: London (36-40 York Way, N1 9AB), Barcelona (Passeig del Mare Nostrum, 15), Rome (Via Marsala, 29H). Max Leveau - COO"
UNIVERSITIES,Cornell University - Food Venture Center,USA (New York),"Leading food science program with Food Venture Center offering business development, product safety, technology transfer and commercialization services. Expertise in food processing, packaging innovation, and product development. Relevant to all three challenges.",,,lmf226@cornell.edu, fdscigrad@cornell.edu,Louise Felker - Food Venture Center (lmf226@cornell.edu) OR General: fdscigrad@cornell.edu Phone: 607-255-2539,Center for Technology Licensing handles IP commercialization. Food Venture Center locations in Geneva and NYC. IFT-recognized program.
UNIVERSITIES,UC Davis - Innovation Institute for Food & Health,USA (California),Internationally recognized food science program. IIFH drives interdisciplinary research and commercialization through strategic partnerships. CAPPS Center focuses on food processing/packaging. Edible film coatings developed here used worldwide. All challenges relevant.,,,mpickard@ucdavis.edu,Marissa Pickard - Innovation Institute for Food & Health (916-599-5551 | [email protected]),Partnership with Nestlé Health Science (Oct 2025). Carlos Alvarez Food Innovation Lab. CAPPS Center partners with Ohio State and NC State.
UNIVERSITIES,University of Guelph - Ontario Agri-Food Innovation Alliance,Canada (Ontario),"Canada's leading food science university. World-class government-university collaboration supporting Ontario's $51B agri-food sector. Focus on commercialization, technology transfer, and innovation. $1.2M in commercialization revenue from Alliance-funded research.",,,favrinst@uoguelph.ca, laurieha@uoguelph.ca,Senior Manager Research Programs (favrinst@uoguelph.ca) Phone: 519-824-4120 Ext. 56725 OR Director (laurieha@uoguelph.ca) Ext. 56655,"Alliance partners: U of G, ARIO, Ontario Ministry. Research Innovation Office handles technology transfer. Contact: www.uoguelph.ca/alliance/about/contact-us"
UNIVERSITIES,Ohio State University - Food Innovation Center,USA (Ohio),"Gateway to university for industry partnerships in food innovation. Director Ken Lee won 2014 IFT Macy award for industry-academic partnerships. Focus on sustainable multi-disciplinary food solutions, packaging research through CAPPS Center.",,,lee.133@osu.edu,Ken Lee - Food Innovation Director (LinkedIn: linkedin.com/in/ken-lee-0b035b74) OR www.fic.osu.edu,Also houses Wilbur A. Gould Food Industries Center (foodindustries.osu.edu). CAPPS Center partner with UC Davis and NC State.
UNIVERSITIES,North Carolina State University - Food Bioprocessing & Nutrition Sciences,USA (North Carolina),"Houses Southeast Dairy Foods Research Center and Center for Advanced Processing and Packaging Studies (CAPPS). Strong focus on aseptic packaging, modified atmosphere packaging, active packaging, and shelf-life studies. Challenge A and B directly relevant.",,,fbns@ncsu.edu,Department Contact: General inquiries through cals.ncsu.edu/food-bioprocessing-and-nutrition-sciences/,"100+ faculty/staff, 500+ students. Multiple facilities including Schaub Hall, Howling Cow Dairy, Plants for Human Health Institute (Kannapolis)."
UNIVERSITIES,Stanford University - Office of Technology Licensing,USA (California),"Premier materials science program with expertise in biodegradable materials, bio-polymers, and advanced packaging. OTL handles commercialization of materials science innovations. Relevant to Challenge A (sustainable packaging).",,,msestudentservices@stanford.edu,General Inquiries: Contact form at otl.stanford.edu OR Materials Science Dept: msestudentservices@stanford.edu Phone: (650) 723-2534,"Materials Science location: Durand Building, 496 Lomita Mall, Suite 102, Stanford, CA 94305-4034"
UNIVERSITIES,McGill University - Macdonald Campus,Canada (Quebec),"Leading food science program at Macdonald Campus. RITA consortium catalyzes innovation and knowledge transfer between research community and Quebec's food processing industry. Focus on food safety, processing, and product development.",,,info.macdonald@mcgill.ca, erin.minnett@mcgill.ca,General Macdonald Campus (info.macdonald@mcgill.ca) Tel: 514-398-7773 OR Graduate Coordinator: Erin Minnett (erin.minnett@mcgill.ca) 514-398-7560,"Address: 21,111 Lakeshore, Ste Anne de Bellevue, Quebec H9X 3V9. RITA supports industry-research partnerships."
UNIVERSITIES,Purdue University - Food Science Department,USA (Indiana),"20+ year Industrial Associates program with strong industry partnerships. Food Entrepreneurship and Manufacturing Institute (FEMI). Focus on food safety, processing technology, and product commercialization. Relevant to all challenges.",,,wellerj@purdue.edu, foodsci@purdue.edu,Jessica Weller - External Relations & Career Services (wellerj@purdue.edu) OR General: foodsci@purdue.edu Phone: (765) 494-8256,"Address: 745 Agriculture Mall Drive, West Lafayette, IN 47907. Extension programs include FEMI, ServSafe, PCQI training."
UNIVERSITIES,University of Massachusetts Amherst - Food Science,USA (Massachusetts),"Food Science Extension Program supports development from concept to commercialization. Industrial Strategic Research Alliance partners with 30+ multinational food companies since 1995. Focus on food safety, product development, packaging.",,,amanda.kinchla@foodsci.umass.edu, m@foodsci.umass.edu,Amanda Kinchla - Extension Professor (amanda.kinchla@foodsci.umass.edu) OR Dept Head: Lynne McLandsborough (m@foodsci.umass.edu) 413-545-1016,"Location: Stockbridge Hall, 80 Campus Center Way, Amherst, MA 01003-9246. Phone: (413) 545-4800"
UNIVERSITIES,University of British Columbia - Food & Beverage Innovation Centre,Canada (British Columbia),"New Food and Beverage Innovation Centre bringing together services and technology for BC's agriculture, agri-food and seafood industry. UILO enables 1,200+ partnerships annually between industry and researchers.",,,partnerships@innovation.ubc.ca,Partnerships: partnerships@innovation.ubc.ca OR UILO for research collaboration,"BC Food Hub Network member. Inventions and licensing team assesses commercial potential, develops patenting strategies, negotiates with licensees."
UNIVERSITIES,Rutgers Food Innovation Center,USA (New Jersey),"Multiple locations providing product development, pilot plant services, and commercialization support. Executive Director Nolan Lewin. Deep investor network and international partnerships. Focus on food processing, product development, scaling.",,,nl95@njaes.rutgers.edu, hartmant@njaes.rutgers.edu,Nolan Lewin - Executive Director (nl95@njaes.rutgers.edu) Phone: +1 (856) 391-7603 OR Dr. Thomas Hartman (hartmant@njaes.rutgers.edu) +1 (848) 932-5543,"Bridgeton location: 450 East Broad Street, Bridgeton, NJ 08302. New Brunswick location at Food Science Building. Part of NJCERN."
UNIVERSITIES,University of Wisconsin-Madison - Center for Dairy Research,USA (Wisconsin),"World-leading product development, contract research, and food processing innovation. Pilot plant facilities available for fee-for-service. CDR partners with industry for special projects, troubleshooting, and manufacturing optimization.",,,communications@cdr.wisc.edu, foodsci@wisc.edu,Center for Dairy Research (communications@cdr.wisc.edu) Phone: 608-262-5970 OR Food Science Dept (foodsci@wisc.edu) 608-265-2729,"Babcock Hall, 1605 Linden Dr., Madison, WI 53706. Three pilot plant facilities. Babcock Dairy Plant available for industry projects."
ACCELERATORS & INCUBATORS,EIT Food - Accelerator Network,Europe (Pan-European),"Europe's leading food innovation network with Accelerator Network supporting 348+ agrifood startups since 2018. Connects startups with corporate partners (Bayer, Corteva, Unilever, Mondelēz, Mars). Equity-free support. All three challenges relevant.",,,christoph.mandl@eitfood.eu,Dr. Christoph Mandl - Programme Manager (christoph.mandl@eitfood.eu) Phone: +49 (0)172 436 9825 OR Benoit Buntinx - Director Business Creation,Multiple European innovation hubs. 2025 cohort: 65 startups selected. Corporate pilots and market adoption support.
ACCELERATORS & INCUBATORS,Foodvalley NL,Netherlands (Wageningen),"Non-profit agrifood innovation cluster with 215+ company network. Focus on Protein Shift, Food & Health, Circular Agrifood. Lead partner of Food Innovation Hub Europe. Bespoke scouting and partnership facilitation. Relevant to all challenges.",,,emmanuel.anom@foodvalley.nl, facilities@foodvalley.nl,Emmanuel Anom - Lead Shared Facilities (emmanuel.anom@foodvalley.nl) OR General: facilities@foodvalley.nl,"Address: Bronland 10F, 6708 WH, Wageningen. Partners with EIT Food. SME Innovation Voucher program available."
ACCELERATORS & INCUBATORS,StartLife,Netherlands (Wageningen),European top agrifoodtech accelerator. Growing food & agri startups into leading enterprises. Cohort-based acceleration with hands-on support. Located at Wageningen Campus alongside world's #1 food science university. All challenges relevant.,,,info@startlife.org,Jan Meiling - Managing Director (LinkedIn searchable) OR Loet Rammelsberg - Program Director (LinkedIn searchable),"Office: Plus Ultra II, Bronland 10, Wageningen Campus. Part of Wageningen ecosystem with access to research facilities."
ACCELERATORS & INCUBATORS,Nordic Foodtech VC,Nordics (Denmark/Sweden/Finland),"Early-stage VC fund (€42M) dedicated to food innovation across Nordics and Baltics. Invests in food production technologies including biotechnology, mobile tech. Portfolio spans Finland, Sweden, Denmark, Estonia. Relevant to all challenges.",,,hello@nordicfoodtech.vc,General Inquiries ([email protected]),Founded 2020. 13 portfolio companies. Focus on early-stage food technology innovations. Regional expertise in Nordic/Baltic markets.
INDUSTRY ASSOCIATIONS,KTN (Innovate UK Business Connect) - AgriFood,UK (Harwell),"UK's Knowledge Transfer Network helping businesses access expertise, funding, and connections for AgriFood innovation. Experts in livestock, aquaculture, food, crops. 45+ years facilitating Knowledge Transfer Partnerships. All challenges relevant.",,,enquiries@ktn-uk.org,Contact Form: www.ktninnovationexchange.co.uk/contact OR AgriFood program: ktn-uk.co.uk/programmes/food-innovation-network,"Address: Suite G, First Floor, The HQ, Runway Buildings, Harwell Science Campus, Didcot. Part of Innovate UK."
UNIVERSITIES,Wageningen University & Research,Netherlands (Wageningen),"World's #1 ranked university for agriculture and food science. Food & Biobased Research develops innovations for healthy foods, sustainable food chains, bio-based materials. Extensive public-private partnerships. All three challenges directly relevant.",,,contact@wur.nl,Contact our experts page: www.wur.nl/en/value-creation-cooperation/partnerships-collaborations/contact-our-experts.htm,Account managers for different regions. Employee database to find specific experts. Collaborates closely with Foodvalley NL cluster.
UNIVERSITIES,Imperial College London - Enterprise,UK (London),"Premier UK university with food science partnerships (Dairy Crest, Danone, Nestlé). Centre for Synthetic Biology, MRC Centre of Molecular Bacteriology. Industry Partnerships & Commercialisation team with deep commercial acumen. Challenges A and C relevant.",,,partnerships@imperial.ac.uk,Industry Partnerships: www.imperial.ac.uk/enterprise/business/industry-partnerships-and-commercialisation/,AGRI-net facilitates translation of tools for crop sustainability. Centre for Translational Nutrition and Food Research active.
UNIVERSITIES,ETH Zurich,Switzerland (Zurich),"Leading Swiss university emphasizing sustainability, quality, safety in food manufacturing and packaging. Future Food Initiative exploring alternatives to plastics. ETH transfer handles technology commercialization. Challenge A directly relevant.",,,transfer@sl.ethz.ch,ETH transfer for technology commercialization OR IFNH (Schmelzbergstrasse 9,8092 Zürich)
UNIVERSITIES,University of Cambridge - Cambridge Enterprise,UK (Cambridge),World-leading university with Cambridge Enterprise technology transfer office. Ceres Agri-Tech Knowledge Exchange Partnership for agri-tech commercialization. Strong food science and materials science programs. All challenges relevant.,,,partnerships@enterprise.cam.ac.uk,Business Partnerships Team: www.cam.ac.uk/business-and-enterprise/contact-us OR Cambridge Enterprise: Hauser Forum,Ceres Agri-Tech Knowledge Exchange catalyzes early-stage technology transfer. Professional consultancy support for partnerships.
UNIVERSITIES,Technical University Munich (TUM) - FACIT,Germany (Munich),Leading German food technology university. FACIT (Food and Agro Center for Innovation and Technology) accompanies entrepreneurial activities. TUM Venture Lab Food/Agro/Biotech. EIT Food partnership. All challenges relevant.,,,info@facit.life,FACIT: www.tcf.tum.de/en/facit/home/ OR EIT Food partnership page,TUM School of Life Sciences Weihenstephan. FEMIB Project strengthens Bavarian AgriFoodTech ecosystem. 160+ international partnerships.
UNIVERSITIES,University of Copenhagen - Food Science,Denmark (Copenhagen),Scandinavia's largest food research university. Tech Transfer Office handles IP commercialization. External Partnerships section matches company needs with university expertise. Strong industry collaboration track record. All challenges relevant.,,,partnerships@adm.ku.dk,Tech Transfer Office: +45 353-26603 OR External Partnerships: partnerships@adm.ku.dk,"Address: Tagensvej 16A, 2200 København N. UCPH Lighthouse innovation hub. Legal team for Research and IP available."
UNIVERSITIES,University College Dublin (UCD) - NovaUCD,Ireland (Dublin),#1 globally on citations in agricultural science and food science. NovaUCD nurtures high-tech startups. Ranked 24th worldwide in agriculture/food research. €31.5M sustainable food Co-Centre. Partnership with UC Davis. All challenges relevant.,,,miceal.whelan@ucd.ie,Micéal Whelan - Communications Manager Innovation (miceal.whelan@ucd.ie) Phone: +353 1 716 3712,School of Agriculture and Food Science ranked 24th globally. 580-acre UCD Lyons Research Farm. Institute of Food and Health.
ACCELERATORS & INCUBATORS,SGInnovate,Singapore,"Government-owned deep tech innovation platform supporting biotech, agrifood, sustainability, and advanced manufacturing startups. Focus on early-stage deep technology companies solving global challenges. Relevant to all challenges, especially novel food technologies.",,,contact@sginnovate.com,Contact: www.sginnovate.com/contact-us OR DTC Contact: www.sginnovate.com/dtc-contact,"Corporate office: 32 Carpenter St, Singapore 059911. Deep Tech Community programs available. Active in biotech and agrifood."
UNIVERSITIES,A*STAR Singapore Institute of Food and Biotechnology Innovation (SIFBI),Singapore,"Translational research institute providing single touchpoint for industry in food, nutrition, biotechnology, food safety. Partnership programs with public and private sectors. Major collaborations with Monell, NUS, Singapore Polytechnic. All challenges relevant.",,,info@sifbi.a-star.edu.sg, Huang_Hongxiang@sifbi.a-star.edu.sg,General: info@sifbi.a-star.edu.sg OR Partnerships: Huang_Hongxiang@sifbi.a-star.edu.sg,"Phone: (65) 6826 6111. Address: 2 Fusionopolis Way, Innovis #08-01, Singapore 138634. Hours: M-F 8:30am-6pm"
UNIVERSITIES,National University of Singapore (NUS) - Food Science & Technology,Singapore,"Leading Asian university with 17 patents, 9 license agreements, 9 spin-offs in food science. Bezos Centre for Sustainable Protein ($30M grant). NUS Enterprise/TTI handles commercialization. Strong alternative protein focus. All challenges relevant.",,,food@nus.edu.sg,Department: food@nus.edu.sg Phone: +65 6516 1656 OR NUS Enterprise/TTI for commercialization,"Address: S14 Level 6 Science Drive 2, Singapore 117542. Innovation 4.0 Building, 3 Research Link #05-01 for TTI."
INDUSTRY ASSOCIATIONS,Enterprise Singapore - FoodInnovate,Singapore,"Government agency leading FoodInnovate initiative positioning Singapore as Asia's food/nutrition hub. Partners with GROW accelerator, AgFunder, EDB. Supports food security strategy and global investment. All challenges relevant.",,,contact@enterprisesg.gov.sg,Website: www.enterprisesg.gov.sg OR Industry Partners page for agritech,"Collaborates with Temasek, Singapore Food Agency. Organizes Asia-Pacific Agri-Food Innovation Summit. Contact through official website."
UNIVERSITIES,Korea Food Research Institute (KFRI),South Korea (Seongnam),"National research institute established 1965 under Ministry of Food and Drug Safety. Expertise in high-pressure processing, modified atmosphere packaging for shelf life extension. Government-funded R&D for food sector. Challenge A and B highly relevant.",,,webmaster@kfri.re.kr,Contact through National Research Council of Science and Technology OR Website: www.kfri.re.kr/?r=en,"Active international collaborations. MOU with universities for research funding. Focus on food quality, safety, and innovative preservation methods."
ACCELERATORS & INCUBATORS,Hong Kong Science and Technology Parks Corporation (HKSTP),Hong Kong (China),"Innovation platform focusing on Green Technology and Biomedical Technology clusters relevant to food innovation. Provides partnerships, incubation, and commercialization support. Strong regional presence. All challenges relevant.",,,partnerships@hkstp.org, enquiry.marketing@hkstp.org,Partnerships: partnerships@hkstp.org OR General: enquiry.marketing@hkstp.org Phone: +852 2629 1818,"Address: 5/F, Building 5E, 5 Science Park East Avenue, Hong Kong Science Park. Also operates Hong Kong-Shenzhen Innovation Park."
UNIVERSITIES,National Agriculture and Food Research Organization (NARO),Japan,"Japan's leading agriculture and food research organization under Ministry of Agriculture, Forestry and Fisheries. Extensive international partnerships (INRAE France, CGIAR). Focus on climate adaptation, food security, robotics. All challenges relevant.",,,international@naro.go.jp,International Relations Office: Contact through www.naro.go.jp/english/global-initiatives/,Hosts International Symposium on Food and Health annually. MOU partnerships globally. Recent focus on fermentation technology and health.
UNIVERSITIES,Temasek Life Sciences Laboratory (TLL),Singapore,Leading agri-food biotechnology research institute with international partnerships. Temasek Life Sciences Accelerator (TLA) commercializes innovations. Focus on improving food availability and nutrition for urban populations. All challenges relevant.,,,partnering@tll.org.sg, hello@tla.com.sg,Research partnerships: [email protected] OR TLA commercialization: hello@tla.com.sg,Website: www.tll.org.sg. Collaborates with world-class institutes and multinationals. Decarbonising Rice Project contact: [email protected]
UNIVERSITIES,CSIRO - Food Innovation Centre,Australia,"Australia's national science agency with extensive international partnerships. CSIRO-A*STAR Innovation in Food for Sustainability Program. Global collaborations (India, Japan, US, UK, Vietnam). All challenges relevant, especially sustainability.",,,IF4S@csiro.au,IF4S Program: IF4S@csiro.au OR General: Phone 1300 363 400 / +61 3 9545 2176,"Website: research.csiro.au/food-innovation/. Works with manufacturers globally on innovation, technology support. Strong international presence."
UNIVERSITIES,Seoul National University - Food Science and Biotechnology,South Korea (Seoul),"Top Korean university with Department of Agricultural Biotechnology including Food Science program. Research in AI technology, material standardization, biotechnology for phytoceuticals, food microbiome. All challenges relevant.",,,agribio@snu.ac.kr,Department: +82-2-880-4850 OR +82-2-873-5095 OR Website: food.snu.ac.kr/en/,"Research on high value-added biomaterials, enzyme technology, food microbiology. Contact technology transfer office for commercialization."
UNIVERSITIES,Institut Agro,France (Montpellier/Dijon/Rennes/Angers),"French scientific establishment under Ministry of Agriculture. 4,500 students, 300 teacher-researchers, 39 research units, 187 international partnerships. AgroValoMéditerranée business incubation site. Member of Euroleague for Life Sciences. All challenges relevant.",,,contact@supagro.fr,Contact: contact@supagro.fr Phone: +33 (0)4 99 61 22 00,"Address: 2 place Pierre Viala, 34060 Montpellier. Six campuses. ECOTROPHELIA student food innovation contest. Partners with INRAE."
UNIVERSITIES,INRAE (National Research Institute for Agriculture Food and Environment),France (National),"France's leading agriculture, food and environment research institute. 450+ socio-economic partners, 15 high innovation potential fields, 4 Carnot Institutes. Extensive international partnerships (FAO, WHO, CGIAR, FAPESP). All challenges relevant.",,,partnerships@inrae.fr,Collaboration: www.inrae.fr/en/collaborate OR International: www.inrae.fr/en/international,Regional contact example: philippe.hinsinger@inrae.fr. LIAs (international associated laboratories) for joint projects. Partnership Officers available.
ACCELERATORS & INCUBATORS,Future Food Institute,Italy (Bologna),"Italian social enterprise with global horizons. Living Labs in Italy, US, Japan. Affiliate centers in China, Singapore, Germany. Future Food Accelerator facilitates open innovation between startups, business, global food ecosystem. All challenges relevant.",,,info@futurefoodinstitute.org,General: info@futurefoodinstitute.org Phone: +39 051 656 9619 OR Pollica office: +39 3336417696,"Address: Piazza Giuseppe Verdi, 2, 40126 Bologna. Prosperity-driven alliances with government and industry. Sustainable food systems focus."
ACCELERATORS & INCUBATORS,Station F - ShakeUp Factory,France (Paris),"World's largest startup facility. ShakeUp Factory is exclusive food acceleration program at Station F. Oversees French hub of EIT Food. Innovation hub combining accelerator, open-innovation, experts network. All challenges relevant.",,,contact@stationf.co,Contact through: stationf.co OR ShakeUp Factory: shakeupfactory.co/startups,"1,000+ startups. Partners: Google, LVMH, Meta, HEC. 13th arrondissement Paris. ShakeUp Factory partners with Bridge2Food."
UNIVERSITIES,Fraunhofer IVV (Institute for Process Engineering and Packaging),Germany (Freising/Dresden),"Leading R&D for high-quality food and packaging. Focus on food technology, recycling, environment. CIRCULAR FoodPack coordinator. 13 Fraunhofer institutes in food alliance. Challenge A (packaging) highly relevant.",,,esra.kucukpinar@ivv.fraunhofer.de, info@ivv.fraunhofer.de,General: +49 8161 491-0 OR Dr. Esra Kücükpinar (CIRCULAR FoodPack): esra.kucukpinar@ivv.fraunhofer.de +49 (0)8161 491-507,"Address: Giggenhauser Str. 35, 85354 Freising. Dresden division: Heidelberger Str. 20, 01189. 120+ industrial partners. www.ivv.fraunhofer.de"
UNIVERSITIES,University College Cork (UCC),Ireland (Cork),"Top Irish university for industry collaboration (Knowledge Transfer Ireland). School of Food and Nutritional Sciences recognized for research in food packaging, ingredients, supply chain. UCC Innovation Office handles commercialization. All challenges relevant.",,,uccinnovation@ucc.ie, industry@ucc.ie,UCC Innovation: uccinnovation@ucc.ie +353 (0)21 4205880 OR Business & Industry: industry@ucc.ie,"Western Gateway Building, Western Road, Cork T12 XF62. Research Office: uccresearch@ucc.ie +353 (0)21 4903500. Strong food business programs."
UNIVERSITIES,DTU National Food Institute,Denmark (Søborg),335 staff across five departments. Scientific advice to Danish authorities and international organizations. Close collaboration with Danish and international food companies. Strong technology transfer capability. All challenges relevant.,,,food@food.dtu.dk,General: food@food.dtu.dk Phone: +45 7234 7625,"Address: Mørkhøj Bygade 19, DK 2860 Søborg. Head of Studies contact: Marianne Uhre Jakobsen. www.food.dtu.dk"
UNIVERSITIES,Aarhus University - Department of Food Science,Denmark (Aarslev),"Top 100 university with extensive business collaborations. Centre for Innovative Food Research (iFOOD). EIT Food partner. Four strategic themes: Plant/food/environment, Climate friendly foods, Circularity, Food/health. All challenges relevant.",,,derekv.byrne@food.au.dk,Derek V. Byrne: derekv.byrne@food.au.dk Phone: +45-2878 2840,"Address: Kirstinebjergvej 10, DK-5792 Aarslev. Website: food.au.dk. Strong focus on dissemination and implementation for industry."
INDUSTRY ASSOCIATIONS,Vinnova (Sweden's Innovation Agency),Sweden (Stockholm),Government agency enhancing Sweden's competitive edge and innovation capacity. Innovation platforms for sustainable food systems. Funding opportunities and collaboration platforms for green transition in food sector. All challenges relevant.,,,registrator@vinnova.se,Contact through: www.vinnova.se/en/,Eight innovation platforms for sustainable food systems. Creates conditions to increase pace of food transition. Sweden Foodtech ecosystem support.
